-- Phòng ban
INSERT INTO PHONG_BAN (PHONG_BAN_ID, TEN_PHONG_BAN)
VALUES ('PB01', 'TEC');

INSERT INTO PHONG_BAN (PHONG_BAN_ID, TEN_PHONG_BAN)
VALUES ('PB02', 'ERP');

-- Chức vụ
INSERT INTO CHUC_VU (CHUC_VU_ID, TEN_CHUC_VU)
VALUES ('CV01', 'Nhân Viên');

-- Nhân viên
INSERT INTO NHAN_VIEN (NHAN_VIEN_ID, PHONG_BAN_ID, CHUC_VU_ID, HO, DEM, TEN, NGAY_SINH)
VALUES ('SSG1', 'PB01', 'CV01', 'Nguyễn', 'Văn', 'A', TO_DATE('01-10-1999', 'dd-mm-yyyy'));

INSERT INTO NHAN_VIEN (NHAN_VIEN_ID, PHONG_BAN_ID, CHUC_VU_ID, HO, DEM, TEN, NGAY_SINH)
VALUES ('SSG2', 'PB01', 'CV01', 'Nguyễn', 'Văn', 'B', TO_DATE('01-10-1999', 'dd-mm-yyyy'));

INSERT INTO NHAN_VIEN (NHAN_VIEN_ID, PHONG_BAN_ID, CHUC_VU_ID, HO, DEM, TEN, NGAY_SINH)
VALUES ('SSG3', 'PB02', 'CV01', 'Nguyễn', 'Văn', 'C', TO_DATE('01-10-1999', 'dd-mm-yyyy'));

INSERT INTO NHAN_VIEN (NHAN_VIEN_ID, PHONG_BAN_ID, CHUC_VU_ID, HO, DEM, TEN, NGAY_SINH)
VALUES ('SSG4', 'PB02', 'CV01', 'Nguyễn', 'Văn', 'D', TO_DATE('01-10-1999', 'dd-mm-yyyy'));

INSERT INTO NHAN_VIEN (NHAN_VIEN_ID, PHONG_BAN_ID, CHUC_VU_ID, HO, DEM, TEN, NGAY_SINH)
VALUES ('SSG5', 'PB02', 'CV01', 'Nguyễn', 'Thị', 'E', TO_DATE('01-10-2018', 'dd-mm-yyyy'));

INSERT INTO NHAN_VIEN (NHAN_VIEN_ID, PHONG_BAN_ID, CHUC_VU_ID, HO, DEM, TEN, NGAY_SINH)
VALUES ('SSG6', 'PB01', 'CV01', 'VŨ', 'Thị', 'F', TO_DATE('01-10-1998', 'dd-mm-yyyy'));

INSERT INTO NHAN_VIEN (NHAN_VIEN_ID, PHONG_BAN_ID, CHUC_VU_ID, HO, DEM, TEN, NGAY_SINH)
VALUES ('SSG7', 'PB01', 'CV01', 'vũ', 'Văn', 'G', TO_DATE('01-10-2019', 'dd-mm-yyyy'));

INSERT INTO NHAN_VIEN (NHAN_VIEN_ID, PHONG_BAN_ID, CHUC_VU_ID, HO, DEM, TEN, NGAY_SINH)
VALUES ('SSG8', 'PB02', 'CV01', 'Vũ', 'Tuấn', 'H', TO_DATE('01-08-1999', 'dd-mm-yyyy'));

-- Quản lý
INSERT INTO QUAN_LY (CAP_TREN_ID, CAP_DUOI_ID)
VALUES ('SSG1', 'SSG2');

INSERT INTO QUAN_LY (CAP_TREN_ID, CAP_DUOI_ID)
VALUES ('SSG3', 'SSG4');

INSERT INTO QUAN_LY (CAP_TREN_ID, CAP_DUOI_ID)
VALUES ('SSG4', 'SSG5');

-- Lương
INSERT INTO LUONG (LUONG_ID, NHAN_VIEN_ID, LUONG_TU_NGAY, LUONG)
VALUES ('L001', 'SSG1', TO_DATE('01-10-2018', 'dd-mm-yyyy'), 10000);

INSERT INTO LUONG (LUONG_ID, NHAN_VIEN_ID, LUONG_TU_NGAY, LUONG)
VALUES ('L002', 'SSG2', TO_DATE('01-10-2018', 'dd-mm-yyyy'), 10000);

INSERT INTO LUONG (LUONG_ID, NHAN_VIEN_ID, LUONG_TU_NGAY, LUONG)
VALUES ('L003', 'SSG3', TO_DATE('01-10-2018', 'dd-mm-yyyy'), 11000);

INSERT INTO LUONG (LUONG_ID, NHAN_VIEN_ID, LUONG_TU_NGAY, LUONG)
VALUES ('L004', 'SSG4', TO_DATE('01-10-2018', 'dd-mm-yyyy'), 10000);

INSERT INTO LUONG (LUONG_ID, NHAN_VIEN_ID, LUONG_TU_NGAY, LUONG)
VALUES ('L005', 'SSG5', TO_DATE('01-10-2018', 'dd-mm-yyyy'), 8000);

INSERT INTO LUONG (LUONG_ID, NHAN_VIEN_ID, LUONG_TU_NGAY, LUONG)
VALUES ('L006', 'SSG2', TO_DATE('01-10-2017', 'dd-mm-yyyy'), 9000);

INSERT INTO LUONG (LUONG_ID, NHAN_VIEN_ID, LUONG_TU_NGAY, LUONG)
VALUES ('L007', 'SSG2', TO_DATE('01-10-2016', 'dd-mm-yyyy'), 8000);

INSERT INTO LUONG (LUONG_ID, NHAN_VIEN_ID, LUONG_TU_NGAY, LUONG)
VALUES ('L008', 'SSG6', TO_DATE('01-10-2015', 'dd-mm-yyyy'), 1000);

INSERT INTO LUONG (LUONG_ID, NHAN_VIEN_ID, LUONG_TU_NGAY, LUONG)
VALUES ('L009', 'SSG6', TO_DATE('01-10-2016', 'dd-mm-yyyy'), 20000);

INSERT INTO LUONG (LUONG_ID, NHAN_VIEN_ID, LUONG_TU_NGAY, LUONG)
VALUES ('L010', 'SSG7', TO_DATE('01-10-2016', 'dd-mm-yyyy'), 30000);

INSERT INTO LUONG (LUONG_ID, NHAN_VIEN_ID, LUONG_TU_NGAY, LUONG)
VALUES ('L011', 'SSG8', TO_DATE('01-10-2016', 'dd-mm-yyyy'), 100000);

INSERT INTO LUONG (LUONG_ID, NHAN_VIEN_ID, LUONG_TU_NGAY, LUONG)
VALUES ('L012', 'SSG8', TO_DATE('01-10-2017', 'dd-mm-yyyy'), 8000);

-- Test
SELECT *
FROM PHONG_BAN;

SELECT *
FROM CHUC_VU;

SELECT *
FROM NHAN_VIEN;

SELECT *
FROM QUAN_LY;

SELECT *
FROM LUONG;