-- Phòng ban
INSERT INTO PHONG_BAN (TEN_PHONG_BAN)
VALUES ('TEC');

INSERT INTO PHONG_BAN (TEN_PHONG_BAN)
VALUES ('ERP');

-- Chức vụ
INSERT INTO CHUC_VU (TEN_CHUC_VU)
VALUES ('Nhân Viên');

-- Nhân viên
INSERT INTO NHAN_VIEN (NHAN_VIEN_ID, PHONG_BAN_ID, CHUC_VU_ID, HO, DEM, TEN, NGAY_SINH)
VALUES (1, 1, 1, 'Nguyễn', 'Văn', 'A', TO_DATE('01-10-1999', 'dd-mm-yyyy'));

INSERT INTO NHAN_VIEN (NHAN_VIEN_ID, PHONG_BAN_ID, CHUC_VU_ID, HO, DEM, TEN, NGAY_SINH)
VALUES (2, 1, 1, 'Nguyễn', 'Văn', 'B', TO_DATE('01-10-1999', 'dd-mm-yyyy'));

INSERT INTO NHAN_VIEN (NHAN_VIEN_ID, PHONG_BAN_ID, CHUC_VU_ID, HO, DEM, TEN, NGAY_SINH)
VALUES (3, 2, 1, 'Nguyễn', 'Văn', 'C', TO_DATE('01-10-1999', 'dd-mm-yyyy'));

INSERT INTO NHAN_VIEN (NHAN_VIEN_ID, PHONG_BAN_ID, CHUC_VU_ID, HO, DEM, TEN, NGAY_SINH)
VALUES (4, 2, 1, 'Nguyễn', 'Văn', 'D', TO_DATE('01-10-1999', 'dd-mm-yyyy'));

INSERT INTO NHAN_VIEN (NHAN_VIEN_ID, PHONG_BAN_ID, CHUC_VU_ID, HO, DEM, TEN, NGAY_SINH)
VALUES (5, 2, 1, 'Nguyễn', 'Thị', 'E', TO_DATE('01-10-2018', 'dd-mm-yyyy'));

INSERT INTO NHAN_VIEN (NHAN_VIEN_ID, PHONG_BAN_ID, CHUC_VU_ID, HO, DEM, TEN, NGAY_SINH)
VALUES (6, 1, 1, 'VŨ', 'Thị', 'F', TO_DATE('01-10-1998', 'dd-mm-yyyy'));

INSERT INTO NHAN_VIEN (NHAN_VIEN_ID, PHONG_BAN_ID, CHUC_VU_ID, HO, DEM, TEN, NGAY_SINH)
VALUES (7, 1, 1, 'vũ', 'Văn', 'G', TO_DATE('01-10-2019', 'dd-mm-yyyy'));

INSERT INTO NHAN_VIEN (NHAN_VIEN_ID, PHONG_BAN_ID, CHUC_VU_ID, HO, DEM, TEN, NGAY_SINH)
VALUES (8, 2, 1, 'Vũ', 'Tuấn', 'H', TO_DATE('01-08-1999', 'dd-mm-yyyy'));

-- Quản lý
INSERT INTO QUAN_LY (CAP_TREN_ID, CAP_DUOI_ID)
VALUES (1, 2);

INSERT INTO QUAN_LY (CAP_TREN_ID, CAP_DUOI_ID)
VALUES (3, 4);

INSERT INTO QUAN_LY (CAP_TREN_ID, CAP_DUOI_ID)
VALUES (4, 5);

-- Lương
INSERT INTO LUONG (NHAN_VIEN_ID, LUONG_TU_NGAY, LUONG)
VALUES (1, TO_DATE('01-10-2018', 'dd-mm-yyyy'), 10000);

INSERT INTO LUONG (NHAN_VIEN_ID, LUONG_TU_NGAY, LUONG)
VALUES (2, TO_DATE('01-10-2018', 'dd-mm-yyyy'), 10000);

INSERT INTO LUONG (NHAN_VIEN_ID, LUONG_TU_NGAY, LUONG)
VALUES (3, TO_DATE('01-10-2018', 'dd-mm-yyyy'), 11000);

INSERT INTO LUONG (NHAN_VIEN_ID, LUONG_TU_NGAY, LUONG)
VALUES (4, TO_DATE('01-10-2018', 'dd-mm-yyyy'), 10000);

INSERT INTO LUONG (NHAN_VIEN_ID, LUONG_TU_NGAY, LUONG)
VALUES (5, TO_DATE('01-10-2018', 'dd-mm-yyyy'), 8000);

INSERT INTO LUONG (NHAN_VIEN_ID, LUONG_TU_NGAY, LUONG)
VALUES (2, TO_DATE('01-10-2017', 'dd-mm-yyyy'), 9000);

INSERT INTO LUONG (NHAN_VIEN_ID, LUONG_TU_NGAY, LUONG)
VALUES (2, TO_DATE('01-10-2016', 'dd-mm-yyyy'), 8000);

INSERT INTO LUONG (NHAN_VIEN_ID, LUONG_TU_NGAY, LUONG)
VALUES (6, TO_DATE('01-10-2015', 'dd-mm-yyyy'), 1000);

INSERT INTO LUONG (NHAN_VIEN_ID, LUONG_TU_NGAY, LUONG)
VALUES (6, TO_DATE('01-10-2016', 'dd-mm-yyyy'), 20000);

INSERT INTO LUONG (NHAN_VIEN_ID, LUONG_TU_NGAY, LUONG)
VALUES (7, TO_DATE('01-10-2016', 'dd-mm-yyyy'), 30000);

INSERT INTO LUONG (NHAN_VIEN_ID, LUONG_TU_NGAY, LUONG)
VALUES (8, TO_DATE('01-10-2016', 'dd-mm-yyyy'), 100000);

INSERT INTO LUONG (NHAN_VIEN_ID, LUONG_TU_NGAY, LUONG)
VALUES (8, TO_DATE('01-10-2017', 'dd-mm-yyyy'), 8000);

-- Test
SELECT *
FROM PHONG_BAN;

SELECT *
FROM CHUC_VU;

SELECT *
FROM NHAN_VIEN;

SELECT *
FROM QUAN_LY;

SELECT *
FROM LUONG;